"PIN","sex","age","tipiE1","tipiA2r","tipiC3","tipiN4","tipiO5","tipiE6r","tipiA7","tipiC8r","tipiN9r","tipiO10r","extra","agre","consc","neuro","open","shock","shockCause","pMoral","preShare","postShare","guilt"
1,"0",19,3,3,5,2,4,3,5,6,3,4,3,4,5.5,2.5,4,"2","1","1",5,8,6
2,"0",18,5,4,4,5,5,3,4,2,2,4,4,4,3,3.5,4.5,"2","1","1",6,10,6
3,"0",20,1,4,4,4,4,5,3,2,5,2,3,3.5,3,4.5,3,"2","1","1",4,8,5
4,"0",19,5,4,3,5,4,6,5,5,5,3,5.5,4.5,4,5,3.5,"2","1","1",3,7,7
5,"0",21,4,4,5,5,3,4,3,4,6,3,4,3.5,4.5,5.5,3,"2","1","1",7,10,6
6,"0",21,4,2,3,2,3,5,3,5,2,4,4.5,2.5,4,2,3.5,"2","1","1",5,9,5
7,"0",20,4,4,4,4,4,4,3,6,4,5,4,3.5,5,4,4.5,"2","1","1",6,10,6
8,"0",21,4,6,4,4,1,3,7,5,2,3,3.5,6.5,4.5,3,2,"2","1","1",4,8,6
9,"0",22,2,7,4,5,4,4,3,3,3,4,3,5,3.5,4,4,"2","1","1",4,8,7
10,"0",21,3,3,3,4,3,5,4,4,4,5,4,3.5,3.5,4,4,"2","1","1",3,8,7
11,"0",22,4,3,2,3,5,4,4,3,4,6,4,3.5,2.5,3.5,5.5,"2","1","1",5,9,5
12,"0",20,3,6,3,7,3,4,3,5,5,5,3.5,4.5,4,6,4,"2","1","1",4,9,6
13,"0",18,4,5,3,5,5,5,5,4,3,6,4.5,5,3.5,4,5.5,"2","1","1",3,7,6
14,"0",19,5,4,6,5,2,4,2,6,6,3,4.5,3,6,5.5,2.5,"2","1","1",3,7,5
15,"0",20,4,3,4,2,3,6,2,3,3,6,5,2.5,3.5,2.5,4.5,"2","1","1",5,8,7
16,"0",20,4,3,3,5,5,4,3,4,6,7,4,3,3.5,5.5,6,"2","1","1",5,9,6
17,"0",21,3,5,5,6,3,5,5,5,4,2,4,5,5,5,2.5,"2","1","1",3,7,7
18,"0",21,5,4,5,4,6,5,5,5,4,4,5,4.5,5,4,5,"2","1","1",4,8,6
19,"0",21,4,4,3,3,5,4,3,4,6,5,4,3.5,3.5,4.5,5,"2","1","1",2,5,6
20,"0",21,6,5,2,3,3,5,5,4,3,3,5.5,5,3,3,3,"2","1","1",6,10,7
21,"0",21,3,5,6,3,4,4,3,6,5,5,3.5,4,6,4,4.5,"2","1","1",5,10,6
22,"0",20,5,3,5,4,2,6,5,4,4,2,5.5,4,4.5,4,2,"2","1","1",4,8,6
23,"0",22,4,3,4,4,5,4,5,4,2,4,4,4,4,3,4.5,"2","1","1",4,7,5
24,"0",20,3,2,5,6,4,5,2,4,5,5,4,2,4.5,5.5,4.5,"2","1","1",3,6,5
25,"0",21,1,4,4,4,4,4,2,3,3,5,2.5,3,3.5,3.5,4.5,"2","1","1",3,8,5
26,"0",20,6,6,5,3,4,5,5,6,3,5,5.5,5.5,5.5,3,4.5,"2","1","1",3,8,6
27,"0",21,4,4,5,2,5,7,5,6,3,6,5.5,4.5,5.5,2.5,5.5,"2","1","1",5,10,6
28,"0",19,4,2,3,5,4,5,3,5,4,4,4.5,2.5,4,4.5,4,"2","1","1",3,7,6
29,"0",20,6,4,4,5,5,5,5,4,4,5,5.5,4.5,4,4.5,5,"2","1","1",4,8,6
30,"0",19,2,2,2,3,5,2,5,4,2,5,2,3.5,3,2.5,5,"2","1","1",4,8,6
31,"0",21,6,3,3,6,4,6,3,6,4,3,6,3,4.5,5,3.5,"1","1","1",4,7,5
32,"0",22,1,6,4,4,5,4,2,5,3,4,2.5,4,4.5,3.5,4.5,"1","1","1",4,6,5
33,"0",20,1,3,3,5,3,4,4,4,3,2,2.5,3.5,3.5,4,2.5,"1","1","1",2,5,6
34,"0",21,6,4,1,3,3,6,4,3,3,4,6,4,2,3,3.5,"1","1","1",4,8,6
35,"0",20,1,4,6,3,3,3,4,6,3,3,2,4,6,3,3,"1","1","1",4,8,7
36,"0",20,5,2,3,4,6,5,4,4,5,4,5,3,3.5,4.5,5,"1","1","1",3,4,5
37,"0",20,4,5,4,2,5,4,4,3,3,2,4,4.5,3.5,2.5,3.5,"1","1","1",2,5,5
38,"0",22,3,5,6,4,3,6,4,5,4,5,4.5,4.5,5.5,4,4,"1","1","1",4,7,5
39,"0",20,3,3,5,2,4,3,3,6,4,6,3,3,5.5,3,5,"1","1","1",4,6,4
40,"0",18,3,4,6,4,5,5,4,7,4,3,4,4,6.5,4,4,"1","1","1",5,10,4
41,"0",20,4,4,4,3,4,4,4,5,2,6,4,4,4.5,2.5,5,"1","1","1",5,8,5
42,"0",19,5,6,5,5,5,4,4,5,4,6,4.5,5,5,4.5,5.5,"1","1","1",4,7,5
43,"0",21,5,3,4,5,5,5,3,2,5,5,5,3,3,5,5,"1","1","1",3,5,5
44,"0",19,4,6,2,5,3,5,3,4,4,4,4.5,4.5,3,4.5,3.5,"1","1","1",3,7,5
45,"0",19,3,3,5,4,3,6,1,4,4,6,4.5,2,4.5,4,4.5,"1","1","1",6,9,5
46,"0",21,3,5,1,2,4,4,4,3,2,3,3.5,4.5,2,2,3.5,"1","1","1",7,10,5
47,"0",18,3,3,3,5,6,2,4,4,3,7,2.5,3.5,3.5,4,6.5,"1","1","1",4,7,6
48,"0",21,3,1,2,3,5,5,2,3,3,7,4,1.5,2.5,3,6,"1","1","1",3,5,4
49,"0",22,2,2,7,4,3,2,1,7,4,2,2,1.5,7,4,2.5,"1","1","1",4,7,6
50,"0",19,3,6,5,6,3,3,6,5,4,3,3,6,5,5,3,"1","1","1",5,9,5
51,"0",20,3,7,3,4,2,5,4,2,3,2,4,5.5,2.5,3.5,2,"1","1","1",4,6,5
52,"0",21,4,5,6,4,3,5,7,6,4,4,4.5,6,6,4,3.5,"1","1","1",3,6,6
53,"0",21,4,4,4,5,3,5,2,7,5,5,4.5,3,5.5,5,4,"1","1","1",5,7,6
54,"0",21,2,3,5,4,2,5,2,4,4,4,3.5,2.5,4.5,4,3,"1","1","1",3,6,6
55,"0",21,2,5,5,4,6,3,4,3,4,7,2.5,4.5,4,4,6.5,"1","1","1",3,6,6
56,"0",20,3,3,5,3,3,5,2,4,1,5,4,2.5,4.5,2,4,"1","1","1",2,4,5
57,"0",19,3,3,2,3,3,4,3,3,3,5,3.5,3,2.5,3,4,"1","1","1",3,6,6
58,"0",19,5,4,5,6,5,7,2,5,5,6,6,3,5,5.5,5.5,"1","1","1",4,6,6
59,"0",19,4,5,3,3,3,4,5,6,4,4,4,5,4.5,3.5,3.5,"1","1","1",5,9,6
60,"0",19,3,6,4,2,5,5,5,2,5,3,4,5.5,3,3.5,4,"1","1","1",5,8,6
61,"0",19,3,5,6,3,4,4,5,5,2,4,3.5,5,5.5,2.5,4,"0","1","1",6,9,6
62,"0",20,5,4,4,2,4,6,4,6,4,6,5.5,4,5,3,5,"0","1","1",4,6,4
63,"0",19,6,3,4,6,4,6,3,3,4,3,6,3,3.5,5,3.5,"0","1","1",3,5,5
64,"0",20,6,3,5,2,4,5,3,4,5,4,5.5,3,4.5,3.5,4,"0","1","1",2,4,4
65,"0",20,1,4,3,3,4,3,3,4,1,3,2,3.5,3.5,2,3.5,"0","1","1",3,5,4
66,"0",22,5,5,5,3,3,6,4,2,4,3,5.5,4.5,3.5,3.5,3,"0","1","1",3,4,5
67,"0",21,5,4,6,4,1,6,2,6,3,1,5.5,3,6,3.5,1,"0","1","1",5,6,4
68,"0",21,3,5,3,5,5,4,5,3,5,5,3.5,5,3,5,5,"0","1","1",5,7,6
69,"0",18,4,6,5,2,6,4,7,5,4,6,4,6.5,5,3,6,"0","1","1",3,7,5
70,"0",22,4,2,5,5,2,5,4,6,5,3,4.5,3,5.5,5,2.5,"0","1","1",4,5,5
71,"0",20,5,3,3,3,4,6,3,5,5,3,5.5,3,4,4,3.5,"0","1","1",3,5,6
72,"0",20,4,6,2,3,3,5,6,5,3,6,4.5,6,3.5,3,4.5,"0","1","1",3,6,5
73,"0",18,4,5,3,6,5,3,3,4,5,3,3.5,4,3.5,5.5,4,"0","1","1",4,7,5
74,"0",21,4,5,5,2,3,2,5,5,3,4,3,5,5,2.5,3.5,"0","1","1",5,8,5
75,"0",19,4,3,4,2,5,6,2,6,2,4,5,2.5,5,2,4.5,"0","1","1",3,4,4
76,"0",19,3,5,4,3,5,4,3,4,4,5,3.5,4,4,3.5,5,"0","1","1",3,5,5
77,"0",21,4,3,5,3,3,5,4,5,3,4,4.5,3.5,5,3,3.5,"0","1","1",4,5,6
78,"0",19,7,4,4,4,5,6,2,5,3,3,6.5,3,4.5,3.5,4,"0","1","1",6,7,5
79,"0",20,4,5,6,4,4,6,5,6,4,6,5,5,6,4,5,"0","1","1",3,6,6
80,"0",21,4,6,4,4,3,6,4,4,4,3,5,5,4,4,3,"0","1","1",4,5,5
81,"0",21,2,5,3,3,4,5,6,3,3,3,3.5,5.5,3,3,3.5,"0","1","1",5,8,6
82,"0",21,5,3,2,4,4,4,2,3,3,4,4.5,2.5,2.5,3.5,4,"0","1","1",5,7,5
83,"0",21,2,3,5,3,3,6,4,4,2,1,4,3.5,4.5,2.5,2,"0","1","1",4,7,5
84,"0",20,3,5,5,5,4,4,5,7,4,3,3.5,5,6,4.5,3.5,"0","1","1",4,7,5
85,"0",19,3,3,3,3,3,2,2,6,3,1,2.5,2.5,4.5,3,2,"0","1","1",3,4,5
86,"0",20,6,2,6,4,4,6,1,4,4,7,6,1.5,5,4,5.5,"0","1","1",4,5,5
87,"0",20,4,3,5,4,2,5,3,4,4,3,4.5,3,4.5,4,2.5,"0","1","1",3,5,4
88,"0",20,2,4,4,4,2,6,5,4,3,2,4,4.5,4,3.5,2,"0","1","1",3,6,5
89,"0",21,4,5,3,3,4,3,4,3,4,6,3.5,4.5,3,3.5,5,"0","1","1",5,7,5
90,"0",19,3,6,5,2,5,2,5,4,3,6,2.5,5.5,4.5,2.5,5.5,"0","1","1",4,6,6
91,"0",20,3,5,6,3,3,4,4,7,4,5,3.5,4.5,6.5,3.5,4,"2","1","0",2,3,5
92,"0",20,4,4,6,6,5,4,4,7,4,6,4,4,6.5,5,5.5,"2","1","0",4,6,5
93,"0",21,3,4,3,5,5,5,2,5,5,4,4,3,4,5,4.5,"2","1","0",4,6,5
94,"0",21,1,6,4,2,5,3,4,5,4,7,2,5,4.5,3,6,"2","1","0",6,8,4
95,"0",19,4,4,3,6,4,4,4,2,5,6,4,4,2.5,5.5,5,"2","1","0",4,5,4
96,"0",19,4,3,5,5,2,4,4,3,5,2,4,3.5,4,5,2,"2","1","0",6,6,3
97,"0",20,5,4,4,5,5,6,2,5,6,4,5.5,3,4.5,5.5,4.5,"2","1","0",4,4,4
98,"0",20,4,7,5,2,5,4,4,4,2,4,4,5.5,4.5,2,4.5,"2","1","0",5,6,4
99,"0",21,4,4,7,5,5,5,3,6,4,5,4.5,3.5,6.5,4.5,5,"2","1","0",3,4,3
100,"0",19,3,4,3,3,3,2,4,3,3,3,2.5,4,3,3,3,"2","1","0",4,4,4
101,"0",19,4,4,5,4,5,5,3,4,5,5,4.5,3.5,4.5,4.5,5,"2","1","0",6,7,5
102,"0",19,4,3,5,5,4,4,5,7,2,2,4,4,6,3.5,3,"2","1","0",4,5,5
103,"0",20,1,4,4,3,4,3,6,4,4,5,2,5,4,3.5,4.5,"2","1","0",4,3,4
104,"0",21,5,3,5,4,6,4,4,5,2,6,4.5,3.5,5,3,6,"2","1","0",4,6,7
105,"0",18,2,4,5,2,4,4,4,5,3,7,3,4,5,2.5,5.5,"2","1","0",4,4,4
106,"0",21,1,5,6,4,3,4,2,6,3,5,2.5,3.5,6,3.5,4,"2","1","0",3,4,4
107,"0",21,3,4,4,4,3,5,4,4,4,3,4,4,4,4,3,"2","1","0",4,5,4
108,"0",20,1,4,6,5,4,5,3,5,5,4,3,3.5,5.5,5,4,"2","1","0",2,4,4
109,"0",20,1,5,5,6,3,3,3,5,4,4,2,4,5,5,3.5,"2","1","0",4,5,5
110,"0",20,6,4,4,3,4,4,3,5,3,1,5,3.5,4.5,3,2.5,"2","1","0",6,7,4
111,"0",19,4,7,5,5,5,6,6,5,6,4,5,6.5,5,5.5,4.5,"2","1","0",4,5,4
112,"0",21,4,6,4,5,3,4,6,4,5,1,4,6,4,5,2,"2","1","0",3,4,4
113,"0",19,4,5,4,6,4,5,6,5,6,3,4.5,5.5,4.5,6,3.5,"2","1","0",4,6,5
114,"0",21,3,3,4,3,4,3,3,5,4,4,3,3,4.5,3.5,4,"2","1","0",3,4,5
115,"0",19,5,5,4,4,4,4,1,3,3,2,4.5,3,3.5,3.5,3,"2","1","0",2,2,5
116,"0",21,4,3,4,2,2,5,2,3,3,3,4.5,2.5,3.5,2.5,2.5,"2","1","0",5,6,3
117,"0",20,3,6,3,3,4,6,7,2,2,4,4.5,6.5,2.5,2.5,4,"2","1","0",6,8,4
118,"0",21,4,5,5,6,3,4,5,5,4,5,4,5,5,5,4,"2","1","0",4,6,4
119,"0",21,2,7,7,3,4,4,4,6,5,1,3,5.5,6.5,4,2.5,"2","1","0",4,7,4
120,"0",20,7,4,3,5,4,5,3,4,3,2,6,3.5,3.5,4,3,"2","1","0",3,5,5
121,"0",21,3,6,3,3,3,4,5,4,3,3,3.5,5.5,3.5,3,3,"1","1","0",4,5,4
122,"0",22,3,4,4,1,6,3,2,6,2,3,3,3,5,1.5,4.5,"1","1","0",6,6,4
123,"0",18,4,3,4,4,4,5,5,4,5,5,4.5,4,4,4.5,4.5,"1","1","0",3,4,5
124,"0",21,4,4,5,3,3,3,4,5,4,4,3.5,4,5,3.5,3.5,"1","1","0",3,3,5
125,"0",19,5,3,4,4,4,4,4,7,5,3,4.5,3.5,5.5,4.5,3.5,"1","1","0",4,3,3
126,"0",21,2,5,5,4,4,6,4,5,4,4,4,4.5,5,4,4,"1","1","0",5,4,3
127,"0",20,4,4,3,5,4,4,3,6,3,5,4,3.5,4.5,4,4.5,"1","1","0",3,3,4
128,"0",18,3,3,5,3,4,4,3,5,3,3,3.5,3,5,3,3.5,"1","1","0",3,4,4
129,"0",20,2,4,3,4,4,4,4,4,5,2,3,4,3.5,4.5,3,"1","1","0",4,4,4
130,"0",19,7,4,2,3,6,5,3,3,3,5,6,3.5,2.5,3,5.5,"1","1","0",5,6,4
131,"0",18,3,5,6,6,5,4,3,2,5,5,3.5,4,4,5.5,5,"1","1","0",4,4,4
132,"0",19,3,3,5,4,4,4,5,3,4,6,3.5,4,4,4,5,"1","1","0",3,3,4
133,"0",18,5,5,3,3,4,6,7,4,4,4,5.5,6,3.5,3.5,4,"1","1","0",5,5,4
134,"0",20,3,5,4,4,4,5,3,6,4,2,4,4,5,4,3,"1","1","0",6,6,3
135,"0",19,5,3,3,3,2,4,6,1,3,2,4.5,4.5,2,3,2,"1","1","0",5,6,3
136,"0",21,6,1,3,3,5,7,1,3,2,4,6.5,1,3,2.5,4.5,"1","1","0",5,4,3
137,"0",19,4,5,5,2,4,5,3,5,4,5,4.5,4,5,3,4.5,"1","1","0",4,4,4
138,"0",20,3,3,5,6,6,3,5,6,4,5,3,4,5.5,5,5.5,"1","1","0",4,4,3
139,"0",22,4,3,5,6,4,4,4,5,4,6,4,3.5,5,5,5,"1","1","0",4,4,3
140,"0",21,3,5,6,3,5,5,4,6,2,4,4,4.5,6,2.5,4.5,"1","1","0",5,6,4
141,"0",18,4,5,4,2,5,2,4,5,3,6,3,4.5,4.5,2.5,5.5,"1","1","0",4,4,4
142,"0",19,3,2,4,2,4,4,1,3,2,5,3.5,1.5,3.5,2,4.5,"1","1","0",3,3,3
143,"0",19,1,5,4,4,5,3,3,4,5,6,2,4,4,4.5,5.5,"1","1","0",5,6,3
144,"0",21,5,4,6,5,6,7,4,5,4,3,6,4,5.5,4.5,4.5,"1","1","0",4,4,3
145,"0",21,4,6,5,5,4,5,2,5,4,4,4.5,4,5,4.5,4,"1","1","0",4,5,4
146,"0",20,3,4,4,3,2,5,3,4,3,3,4,3.5,4,3,2.5,"1","1","0",5,5,3
147,"0",19,2,4,3,2,5,3,5,5,2,6,2.5,4.5,4,2,5.5,"1","1","0",4,5,6
148,"0",21,3,3,4,3,3,4,4,5,2,5,3.5,3.5,4.5,2.5,4,"1","1","0",5,5,3
149,"0",18,4,4,4,4,3,4,3,4,4,5,4,3.5,4,4,4,"1","1","0",6,6,3
150,"0",22,2,2,4,3,3,4,3,2,2,1,3,2.5,3,2.5,2,"1","1","0",6,6,4
151,"0",21,1,4,3,1,3,4,4,2,2,4,2.5,4,2.5,1.5,3.5,"0","1","0",4,2,3
152,"0",20,3,3,3,4,5,4,3,2,4,5,3.5,3,2.5,4,5,"0","1","0",4,3,4
153,"0",21,5,5,5,6,4,4,2,2,4,7,4.5,3.5,3.5,5,5.5,"0","1","0",4,2,3
154,"0",21,5,2,4,3,3,6,3,5,3,2,5.5,2.5,4.5,3,2.5,"0","1","0",3,2,3
155,"0",18,4,5,4,5,3,5,4,2,5,6,4.5,4.5,3,5,4.5,"0","1","0",4,3,2
156,"0",20,4,3,5,4,3,3,3,4,5,4,3.5,3,4.5,4.5,3.5,"0","1","0",5,4,2
157,"0",20,5,4,3,2,4,4,4,3,3,4,4.5,4,3,2.5,4,"0","1","0",3,1,3
158,"0",20,3,4,4,6,3,4,5,5,4,3,3.5,4.5,4.5,5,3,"0","1","0",5,4,2
159,"0",20,4,5,5,3,4,4,4,4,3,5,4,4.5,4.5,3,4.5,"0","1","0",4,4,3
160,"0",22,4,6,5,3,4,7,6,5,3,5,5.5,6,5,3,4.5,"0","1","0",3,2,4
161,"0",20,3,3,3,3,4,4,3,4,4,5,3.5,3,3.5,3.5,4.5,"0","1","0",3,2,3
162,"0",20,2,4,4,4,4,2,5,5,3,5,2,4.5,4.5,3.5,4.5,"0","1","0",3,2,3
163,"0",18,5,6,5,3,3,6,4,5,3,3,5.5,5,5,3,3,"0","1","0",4,3,3
164,"0",20,3,1,4,6,3,4,1,2,7,3,3.5,1,3,6.5,3,"0","1","0",3,0,2
165,"0",20,1,3,4,3,6,3,3,4,2,6,2,3,4,2.5,6,"0","1","0",2,1,3
166,"0",20,3,4,4,6,3,5,4,3,6,1,4,4,3.5,6,2,"0","1","0",3,2,3
167,"0",21,2,3,4,2,5,2,4,4,3,4,2,3.5,4,2.5,4.5,"0","1","0",3,2,2
168,"0",19,5,5,5,5,5,4,4,4,6,5,4.5,4.5,4.5,5.5,5,"0","1","0",2,2,3
169,"0",19,2,5,4,3,5,3,3,2,3,5,2.5,4,3,3,5,"0","1","0",3,1,3
170,"0",21,3,3,4,2,5,3,4,6,1,6,3,3.5,5,1.5,5.5,"0","1","0",3,2,2
171,"0",19,5,3,3,5,6,5,3,2,4,7,5,3,2.5,4.5,6.5,"0","1","0",4,2,2
172,"0",20,4,5,4,5,4,6,4,4,3,2,5,4.5,4,4,3,"0","1","0",4,3,3
173,"0",20,5,5,7,3,4,6,3,5,3,4,5.5,4,6,3,4,"0","1","0",4,2,2
174,"0",20,4,4,6,3,5,5,4,3,4,4,4.5,4,4.5,3.5,4.5,"0","1","0",5,4,3
175,"0",20,6,2,4,4,6,6,3,4,4,4,6,2.5,4,4,5,"0","1","0",4,3,3
176,"0",20,3,4,3,3,3,3,5,3,3,4,3,4.5,3,3,3.5,"0","1","0",5,3,3
177,"0",20,2,4,5,2,4,3,3,4,4,5,2.5,3.5,4.5,3,4.5,"0","1","0",6,5,2
178,"0",20,3,3,2,3,3,2,4,2,4,3,2.5,3.5,2,3.5,3,"0","1","0",3,2,3
179,"0",18,4,6,4,2,5,5,6,3,1,5,4.5,6,3.5,1.5,5,"0","1","0",6,6,3
180,"0",22,5,7,3,5,5,4,4,2,3,7,4.5,5.5,2.5,4,6,"0","1","0",4,3,3
181,"0",19,4,5,6,3,5,5,6,7,4,6,4.5,5.5,6.5,3.5,5.5,"2","0","1",4,7,6
182,"0",21,5,4,3,2,5,4,5,5,1,2,4.5,4.5,4,1.5,3.5,"2","0","1",5,9,5
183,"0",18,7,4,3,4,6,6,2,5,4,5,6.5,3,4,4,5.5,"2","0","1",5,6,4
184,"0",20,3,3,4,4,3,5,5,5,3,4,4,4,4.5,3.5,3.5,"2","0","1",4,6,5
185,"0",19,2,5,2,5,3,5,4,5,4,4,3.5,4.5,3.5,4.5,3.5,"2","0","1",4,7,4
186,"0",20,4,5,2,3,4,6,5,4,2,4,5,5,3,2.5,4,"2","0","1",5,8,5
187,"0",20,3,4,6,4,5,3,4,5,4,5,3,4,5.5,4,5,"2","0","1",3,5,4
188,"0",18,4,4,5,4,4,4,4,5,3,7,4,4,5,3.5,5.5,"2","0","1",4,5,5
189,"0",19,5,4,4,5,3,6,3,4,3,3,5.5,3.5,4,4,3,"2","0","1",3,5,5
190,"0",21,4,4,5,3,3,5,5,5,4,3,4.5,4.5,5,3.5,3,"2","0","1",5,8,6
191,"0",22,5,5,3,3,6,6,3,4,2,5,5.5,4,3.5,2.5,5.5,"2","0","1",5,7,6
192,"0",20,3,3,3,5,4,3,4,2,5,5,3,3.5,2.5,5,4.5,"2","0","1",3,5,5
193,"0",19,4,4,6,3,3,7,3,6,3,4,5.5,3.5,6,3,3.5,"2","0","1",2,4,5
194,"0",18,3,5,3,4,3,3,4,1,2,3,3,4.5,2,3,3,"2","0","1",5,7,4
195,"0",19,3,4,7,5,4,4,2,5,4,4,3.5,3,6,4.5,4,"2","0","1",4,6,4
196,"0",21,2,5,5,4,5,3,4,4,5,4,2.5,4.5,4.5,4.5,4.5,"2","0","1",2,5,5
197,"0",20,5,5,4,3,6,4,5,5,3,5,4.5,5,4.5,3,5.5,"2","0","1",4,6,5
198,"0",20,3,5,4,2,4,6,5,3,3,5,4.5,5,3.5,2.5,4.5,"2","0","1",4,7,5
199,"0",20,4,3,5,4,6,6,1,3,4,4,5,2,4,4,5,"2","0","1",3,5,4
200,"0",20,2,4,4,5,3,3,6,4,5,3,2.5,5,4,5,3,"2","0","1",3,6,5
201,"0",21,6,4,4,5,5,2,4,6,3,3,4,4,5,4,4,"2","0","1",5,6,6
202,"0",21,3,5,5,4,5,3,4,5,4,7,3,4.5,5,4,6,"2","0","1",5,7,4
203,"0",20,6,4,4,3,5,6,4,5,4,6,6,4,4.5,3.5,5.5,"2","0","1",4,6,4
204,"0",21,3,5,6,3,4,4,4,2,4,4,3.5,4.5,4,3.5,4,"2","0","1",3,6,5
205,"0",22,5,4,6,5,5,3,6,4,2,6,4,5,5,3.5,5.5,"2","0","1",5,7,4
206,"0",21,5,4,2,7,3,5,2,4,5,3,5,3,3,6,3,"2","0","1",5,7,5
207,"0",19,4,2,4,3,4,4,2,3,4,4,4,2,3.5,3.5,4,"2","0","1",3,4,3
208,"0",20,4,4,4,7,4,4,4,5,4,3,4,4,4.5,5.5,3.5,"2","0","1",6,9,6
209,"0",19,2,4,5,5,2,4,4,5,3,4,3,4,5,4,3,"2","0","1",4,6,4
210,"0",21,4,2,5,4,3,5,4,4,3,3,4.5,3,4.5,3.5,3,"2","0","1",4,7,5
211,"0",18,4,4,5,3,3,4,3,4,3,4,4,3.5,4.5,3,3.5,"1","0","1",5,6,4
212,"0",20,4,2,6,3,4,5,3,5,2,3,4.5,2.5,5.5,2.5,3.5,"1","0","1",4,4,4
213,"0",21,2,4,4,5,4,3,3,4,2,5,2.5,3.5,4,3.5,4.5,"1","0","1",4,5,4
214,"0",20,6,5,5,4,4,4,4,5,3,5,5,4.5,5,3.5,4.5,"1","0","1",6,6,4
215,"0",19,3,5,4,5,4,5,4,3,4,3,4,4.5,3.5,4.5,3.5,"1","0","1",4,5,5
216,"0",20,3,6,6,6,4,4,5,5,7,3,3.5,5.5,5.5,6.5,3.5,"1","0","1",2,3,4
217,"0",20,5,3,4,4,3,4,4,3,3,1,4.5,3.5,3.5,3.5,2,"1","0","1",1,1,4
218,"0",19,3,5,5,4,4,4,4,4,5,4,3.5,4.5,4.5,4.5,4,"1","0","1",4,6,5
219,"0",20,3,4,6,3,1,3,5,5,3,2,3,4.5,5.5,3,1.5,"1","0","1",2,4,5
220,"0",19,3,3,3,3,3,4,4,2,2,4,3.5,3.5,2.5,2.5,3.5,"1","0","1",4,6,4
221,"0",20,3,6,3,4,6,4,4,4,3,6,3.5,5,3.5,3.5,6,"1","0","1",4,5,5
222,"0",22,2,5,6,3,4,6,4,3,3,5,4,4.5,4.5,3,4.5,"1","0","1",2,3,NA
223,"0",20,4,4,4,6,4,6,4,3,5,6,5,4,3.5,5.5,5,"1","0","1",3,3,4
224,"0",19,4,3,6,6,2,4,3,3,5,3,4,3,4.5,5.5,2.5,"1","0","1",4,6,4
225,"0",20,5,4,3,4,4,5,4,6,4,3,5,4,4.5,4,3.5,"1","0","1",4,4,4
226,"0",21,5,6,3,4,4,5,4,5,4,4,5,5,4,4,4,"1","0","1",5,6,5
227,"0",19,1,5,6,4,5,3,3,4,3,3,2,4,5,3.5,4,"1","0","1",4,5,4
228,"0",21,5,3,6,5,3,5,3,6,5,1,5,3,6,5,2,"1","0","1",4,6,4
229,"0",20,2,5,5,5,4,4,4,5,3,4,3,4.5,5,4,4,"1","0","1",4,5,4
230,"0",19,6,4,4,3,5,5,4,4,3,4,5.5,4,4,3,4.5,"1","0","1",4,6,4
231,"0",20,4,2,3,4,4,4,5,6,3,4,4,3.5,4.5,3.5,4,"1","0","1",4,5,NA
232,"0",21,5,5,5,5,5,5,5,4,3,5,5,5,4.5,4,5,"1","0","1",4,5,4
233,"0",20,3,6,6,5,4,3,6,5,3,5,3,6,5.5,4,4.5,"1","0","1",3,5,6
234,"0",21,1,4,4,2,3,2,4,2,4,3,1.5,4,3,3,3,"1","0","1",4,6,5
235,"0",19,3,2,4,3,3,5,4,4,2,5,4,3,4,2.5,4,"1","0","1",4,4,4
236,"0",19,3,6,3,5,3,3,1,3,3,2,3,3.5,3,4,2.5,"1","0","1",4,5,5
237,"0",20,3,6,3,2,5,5,5,5,3,6,4,5.5,4,2.5,5.5,"1","0","1",2,3,4
238,"0",21,6,6,3,4,4,6,4,2,3,6,6,5,2.5,3.5,5,"1","0","1",4,6,5
239,"0",20,4,3,3,4,5,7,4,4,5,5,5.5,3.5,3.5,4.5,5,"1","0","1",4,5,5
240,"0",21,3,3,5,3,4,4,4,3,6,4,3.5,3.5,4,4.5,4,"1","0","1",3,3,3
241,"0",20,3,3,4,5,5,6,4,6,5,6,4.5,3.5,5,5,5.5,"0","0","1",4,4,4
242,"0",20,3,4,2,3,4,4,3,3,4,4,3.5,3.5,2.5,3.5,4,"0","0","1",3,3,3
243,"0",21,6,3,3,5,5,5,4,5,3,6,5.5,3.5,4,4,5.5,"0","0","1",2,1,4
244,"0",20,1,2,3,5,4,3,2,4,4,3,2,2,3.5,4.5,3.5,"0","0","1",6,5,2
245,"0",21,6,4,6,5,5,3,2,6,5,7,4.5,3,6,5,6,"0","0","1",2,1,2
246,"0",19,2,5,4,6,5,5,4,6,5,4,3.5,4.5,5,5.5,4.5,"0","0","1",4,4,4
247,"0",18,4,5,5,1,5,4,2,4,2,7,4,3.5,4.5,1.5,6,"0","0","1",3,3,3
248,"0",20,3,4,7,2,5,4,6,6,5,5,3.5,5,6.5,3.5,5,"0","0","1",4,4,4
249,"0",20,4,3,4,4,4,5,4,4,4,5,4.5,3.5,4,4,4.5,"0","0","1",3,3,3
250,"0",21,4,3,5,6,4,3,2,4,4,5,3.5,2.5,4.5,5,4.5,"0","0","1",4,4,4
251,"0",20,3,5,4,4,3,4,5,4,3,2,3.5,5,4,3.5,2.5,"0","0","1",4,5,3
252,"0",21,4,5,5,3,4,5,4,4,3,4,4.5,4.5,4.5,3,4,"0","0","1",4,4,3
253,"0",20,4,2,2,3,5,6,3,2,3,4,5,2.5,2,3,4.5,"0","0","1",5,4,2
254,"0",19,2,4,6,4,3,4,3,5,3,1,3,3.5,5.5,3.5,2,"0","0","1",4,2,3
255,"0",19,3,5,3,3,4,4,4,3,3,4,3.5,4.5,3,3,4,"0","0","1",3,3,3
256,"0",20,5,2,6,3,5,5,2,6,3,4,5,2,6,3,4.5,"0","0","1",4,4,3
257,"0",20,6,4,4,4,4,6,4,5,4,7,6,4,4.5,4,5.5,"0","0","1",5,5,4
258,"0",20,5,5,4,5,5,6,5,4,6,4,5.5,5,4,5.5,4.5,"0","0","1",5,4,2
259,"0",21,6,4,5,3,5,4,2,6,4,7,5,3,5.5,3.5,6,"0","0","1",4,3,3
260,"0",22,4,5,5,5,4,2,6,3,5,4,3,5.5,4,5,4,"0","0","1",4,5,3
261,"0",19,3,3,3,2,5,4,3,3,4,4,3.5,3,3,3,4.5,"0","0","1",4,4,4
262,"0",22,3,4,2,4,5,3,4,3,5,4,3,4,2.5,4.5,4.5,"0","0","1",3,3,3
263,"0",19,4,2,3,4,6,5,3,4,3,4,4.5,2.5,3.5,3.5,5,"0","0","1",3,2,3
264,"0",21,4,6,2,3,5,3,5,3,2,4,3.5,5.5,2.5,2.5,4.5,"0","0","1",4,3,3
265,"0",21,6,4,4,2,5,5,2,4,2,4,5.5,3,4,2,4.5,"0","0","1",4,3,4
266,"0",20,4,4,4,1,3,4,4,4,3,1,4,4,4,2,2,"0","0","1",3,3,4
267,"0",21,5,5,5,4,4,4,6,3,4,6,4.5,5.5,4,4,5,"0","0","1",4,5,3
268,"0",21,3,3,3,4,2,4,2,3,4,1,3.5,2.5,3,4,1.5,"0","0","1",4,3,5
269,"0",21,2,2,4,4,4,2,1,6,4,6,2,1.5,5,4,5,"0","0","1",3,3,4
270,"0",21,4,6,4,3,2,4,5,6,3,2,4,5.5,5,3,2,"0","0","1",4,5,4
271,"0",20,5,6,5,6,4,5,5,5,4,4,5,5.5,5,5,4,"2","0","0",4,2,5
272,"0",19,5,4,5,4,3,4,3,4,5,2,4.5,3.5,4.5,4.5,2.5,"2","0","0",2,0,3
273,"0",19,2,3,2,2,4,3,5,1,4,5,2.5,4,1.5,3,4.5,"2","0","0",6,4,4
274,"0",19,1,1,5,4,5,4,2,6,5,5,2.5,1.5,5.5,4.5,5,"2","0","0",4,1,3
275,"0",19,1,3,3,5,5,3,3,4,6,5,2,3,3.5,5.5,5,"2","0","0",5,3,5
276,"0",19,3,3,4,4,3,4,3,5,4,3,3.5,3,4.5,4,3,"2","0","0",4,1,3
277,"0",21,1,2,5,1,5,2,2,4,2,4,1.5,2,4.5,1.5,4.5,"2","0","0",3,0,2
278,"0",21,5,3,4,2,4,5,3,4,4,7,5,3,4,3,5.5,"2","0","0",4,2,2
279,"0",21,4,5,5,3,3,4,6,4,4,3,4,5.5,4.5,3.5,3,"2","0","0",4,2,5
280,"0",20,7,5,3,4,4,6,3,2,2,3,6.5,4,2.5,3,3.5,"2","0","0",6,4,4
281,"0",19,6,4,3,5,4,5,2,3,5,5,5.5,3,3,5,4.5,"2","0","0",4,1,2
282,"0",20,3,2,5,2,4,5,3,6,2,4,4,2.5,5.5,2,4,"2","0","0",3,1,3
283,"0",20,3,4,3,4,4,4,5,3,3,3,3.5,4.5,3,3.5,3.5,"2","0","0",3,1,4
284,"0",21,5,1,4,4,5,4,3,3,3,3,4.5,2,3.5,3.5,4,"2","0","0",4,1,4
285,"0",20,4,5,5,5,4,4,6,6,4,5,4,5.5,5.5,4.5,4.5,"2","0","0",5,4,3
286,"0",21,4,5,5,2,4,7,2,5,1,3,5.5,3.5,5,1.5,3.5,"2","0","0",6,3,3
287,"0",20,5,6,3,3,4,6,5,5,2,3,5.5,5.5,4,2.5,3.5,"2","0","0",5,3,4
288,"0",20,1,2,3,6,3,4,2,4,6,6,2.5,2,3.5,6,4.5,"2","0","0",4,2,3
289,"0",18,4,5,4,4,6,5,4,4,3,5,4.5,4.5,4,3.5,5.5,"2","0","0",3,1,5
290,"0",20,5,6,3,3,3,5,5,3,2,3,5,5.5,3,2.5,3,"2","0","0",5,4,4
291,"0",20,3,4,4,4,5,4,2,6,2,2,3.5,3,5,3,3.5,"2","0","0",4,2,4
292,"0",21,3,4,3,5,3,5,3,5,3,4,4,3.5,4,4,3.5,"2","0","0",3,1,4
293,"0",18,1,4,4,5,3,3,4,4,3,4,2,4,4,4,3.5,"2","0","0",4,2,4
294,"0",22,5,5,4,3,3,5,4,4,3,2,5,4.5,4,3,2.5,"2","0","0",4,1,4
295,"0",21,2,7,4,5,3,2,4,3,5,4,2,5.5,3.5,5,3.5,"2","0","0",5,4,4
296,"0",19,4,6,6,4,5,3,7,3,3,5,3.5,6.5,4.5,3.5,5,"2","0","0",4,2,3
297,"0",20,4,4,4,4,5,3,2,4,3,4,3.5,3,4,3.5,4.5,"2","0","0",4,3,3
298,"0",19,3,4,5,5,3,4,5,4,3,3,3.5,4.5,4.5,4,3,"2","0","0",4,2,3
299,"0",18,6,4,4,4,5,5,3,6,4,4,5.5,3.5,5,4,4.5,"2","0","0",4,2,4
300,"0",20,6,5,7,4,4,6,2,5,4,4,6,3.5,6,4,4,"2","0","0",4,2,4
301,"0",20,1,4,5,5,4,4,2,7,3,3,2.5,3,6,4,3.5,"1","0","0",4,1,3
302,"0",21,4,4,4,3,6,6,5,4,4,7,5,4.5,4,3.5,6.5,"1","0","0",4,1,3
303,"0",20,6,7,4,5,4,6,3,6,5,2,6,5,5,5,3,"1","0","0",5,2,5
304,"0",21,2,5,5,5,5,4,6,3,5,4,3,5.5,4,5,4.5,"1","0","0",3,1,3
305,"0",20,4,3,5,6,4,6,3,5,4,4,5,3,5,5,4,"1","0","0",6,2,2
306,"0",20,5,2,4,4,6,5,2,5,4,6,5,2,4.5,4,6,"1","0","0",5,2,4
307,"0",19,4,3,6,3,5,5,2,6,3,5,4.5,2.5,6,3,5,"1","0","0",5,2,3
308,"0",22,5,3,3,3,5,3,2,2,4,3,4,2.5,2.5,3.5,4,"1","0","0",4,0,2
309,"0",19,4,7,3,5,5,4,3,2,3,3,4,5,2.5,4,4,"1","0","0",3,0,2
310,"0",21,3,4,4,5,5,4,3,5,3,6,3.5,3.5,4.5,4,5.5,"1","0","0",5,1,1
311,"0",22,1,5,4,4,5,5,4,4,4,6,3,4.5,4,4,5.5,"1","0","0",2,0,3
312,"0",21,4,3,4,3,2,4,2,4,3,4,4,2.5,4,3,3,"1","0","0",3,0,3
313,"0",19,2,5,4,2,3,3,5,4,2,5,2.5,5,4,2,4,"1","0","0",3,0,4
314,"0",19,3,5,4,4,4,5,5,4,4,5,4,5,4,4,4.5,"1","0","0",3,0,3
315,"0",21,6,5,5,5,3,6,4,5,4,6,6,4.5,5,4.5,4.5,"1","0","0",4,1,4
316,"0",19,5,4,2,4,3,4,4,4,4,3,4.5,4,3,4,3,"1","0","0",6,3,4
317,"0",20,3,3,4,3,4,3,2,3,3,1,3,2.5,3.5,3,2.5,"1","0","0",4,0,2
318,"0",21,3,3,4,3,4,4,4,4,3,5,3.5,3.5,4,3,4.5,"1","0","0",4,1,3
319,"0",20,3,4,6,3,5,4,5,4,4,2,3.5,4.5,5,3.5,3.5,"1","0","0",4,1,4
320,"0",21,6,3,4,4,6,5,3,3,3,5,5.5,3,3.5,3.5,5.5,"1","0","0",4,0,2
321,"0",20,4,4,2,1,5,3,5,2,3,3,3.5,4.5,2,2,4,"1","0","0",5,3,1
322,"0",21,4,6,3,3,6,6,4,5,3,4,5,5,4,3,5,"1","0","0",3,0,4
323,"0",20,6,3,6,5,3,7,4,5,3,2,6.5,3.5,5.5,4,2.5,"1","0","0",3,0,3
324,"0",19,2,2,4,4,3,4,1,4,5,3,3,1.5,4,4.5,3,"1","0","0",5,1,2
325,"0",20,5,3,5,1,4,4,5,2,3,3,4.5,4,3.5,2,3.5,"1","0","0",4,1,2
326,"0",20,3,6,4,6,6,4,6,5,5,5,3.5,6,4.5,5.5,5.5,"1","0","0",4,2,3
327,"0",20,5,5,4,2,5,7,3,6,2,6,6,4,5,2,5.5,"1","0","0",4,1,3
328,"0",20,5,4,5,4,4,6,4,5,3,3,5.5,4,5,3.5,3.5,"1","0","0",5,3,3
329,"0",20,5,6,5,6,3,6,5,3,5,5,5.5,5.5,4,5.5,4,"1","0","0",3,0,3
330,"0",20,2,4,3,5,5,4,3,5,3,4,3,3.5,4,4,4.5,"1","0","0",5,2,3
331,"0",21,3,6,3,3,4,4,7,5,3,4,3.5,6.5,4,3,4,"0","0","0",3,1,3
332,"0",20,4,7,6,5,4,4,4,5,3,3,4,5.5,5.5,4,3.5,"0","0","0",2,0,4
333,"0",20,3,3,4,3,4,4,4,4,2,3,3.5,3.5,4,2.5,3.5,"0","0","0",4,1,2
334,"0",20,3,5,5,5,4,5,3,5,5,2,4,4,5,5,3,"0","0","0",5,2,2
335,"0",18,3,5,4,4,5,4,5,4,2,5,3.5,5,4,3,5,"0","0","0",3,0,3
336,"0",22,4,4,2,5,2,4,4,2,5,3,4,4,2,5,2.5,"0","0","0",5,0,2
337,"0",21,3,6,3,2,3,4,6,4,4,1,3.5,6,3.5,3,2,"0","0","0",5,2,3
338,"0",20,2,5,4,5,3,2,2,2,3,6,2,3.5,3,4,4.5,"0","0","0",5,0,2
339,"0",21,3,3,3,5,4,5,3,6,4,4,4,3,4.5,4.5,4,"0","0","0",4,1,2
340,"0",21,6,5,3,5,5,5,5,5,4,5,5.5,5,4,4.5,5,"0","0","0",3,0,2
341,"0",18,3,4,5,3,3,5,4,4,5,4,4,4,4.5,4,3.5,"0","0","0",3,0,2
342,"0",20,5,5,4,2,4,7,5,4,3,6,6,5,4,2.5,5,"0","0","0",3,0,4
343,"0",20,6,5,3,5,3,5,3,4,3,5,5.5,4,3.5,4,4,"0","0","0",4,0,2
344,"0",19,5,5,5,5,5,5,1,6,5,7,5,3,5.5,5,6,"0","0","0",4,0,1
345,"0",18,4,2,5,3,4,5,4,4,2,2,4.5,3,4.5,2.5,3,"0","0","0",5,2,3
346,"0",20,4,3,4,4,4,5,5,5,4,5,4.5,4,4.5,4,4.5,"0","0","0",3,0,3
347,"0",20,1,4,4,3,4,4,5,4,3,3,2.5,4.5,4,3,3.5,"0","0","0",5,1,2
348,"0",21,4,6,3,3,2,5,6,4,5,2,4.5,6,3.5,4,2,"0","0","0",5,3,3
349,"0",20,6,4,5,7,4,4,4,6,4,2,5,4,5.5,5.5,3,"0","0","0",3,0,2
350,"0",20,4,6,2,4,5,4,4,3,4,3,4,5,2.5,4,4,"0","0","0",4,0,1
351,"0",20,5,2,4,4,4,3,6,5,4,4,4,4,4.5,4,4,"0","0","0",3,0,2
352,"0",20,4,5,6,4,3,5,4,3,5,3,4.5,4.5,4.5,4.5,3,"0","0","0",4,0,2
353,"0",19,6,2,7,6,4,3,2,6,4,2,4.5,2,6.5,5,3,"0","0","0",3,0,1
354,"0",20,3,4,3,5,2,3,3,4,4,4,3,3.5,3.5,4.5,3,"0","0","0",5,1,2
355,"0",18,3,3,4,5,4,4,4,4,4,3,3.5,3.5,4,4.5,3.5,"0","0","0",5,1,2
356,"0",19,5,3,2,4,3,4,3,1,3,4,4.5,3,1.5,3.5,3.5,"0","0","0",5,2,3
357,"0",21,2,7,7,3,5,4,4,7,5,4,3,5.5,7,4,4.5,"0","0","0",3,0,2
358,"0",20,5,3,6,3,5,7,4,6,2,6,6,3.5,6,2.5,5.5,"0","0","0",4,0,2
359,"0",20,2,5,3,3,5,5,4,2,5,5,3.5,4.5,2.5,4,5,"0","0","0",4,0,2
360,"0",18,3,5,4,3,4,4,3,5,1,3,3.5,4,4.5,2,3.5,"0","0","0",3,0,2
361,"1",19,2,3,4,3,4,4,4,4,4,5,3,3.5,4,3.5,4.5,"2","1","1",3,7,6
362,"1",20,1,5,1,5,3,2,4,1,4,7,1.5,4.5,1,4.5,5,"2","1","1",5,9,5
363,"1",20,5,4,5,5,4,5,5,6,4,5,5,4.5,5.5,4.5,4.5,"2","1","1",2,6,7
364,"1",20,3,7,5,4,6,4,4,4,4,6,3.5,5.5,4.5,4,6,"2","1","1",5,9,5
365,"1",20,3,2,3,4,3,5,5,3,2,4,4,3.5,3,3,3.5,"2","1","1",3,7,6
366,"1",19,4,5,5,4,4,5,5,4,3,5,4.5,5,4.5,3.5,4.5,"2","1","1",4,8,5
367,"1",20,3,5,4,4,4,4,6,4,3,6,3.5,5.5,4,3.5,5,"2","1","1",4,9,7
368,"1",19,2,4,6,4,3,4,2,5,5,4,3,3,5.5,4.5,3.5,"2","1","1",5,8,6
369,"1",19,5,3,6,5,6,5,3,5,3,7,5,3,5.5,4,6.5,"2","1","1",4,8,6
370,"1",20,4,4,5,4,5,5,3,7,5,6,4.5,3.5,6,4.5,5.5,"2","1","1",4,8,5
371,"1",21,3,4,2,5,5,3,5,1,3,5,3,4.5,1.5,4,5,"2","1","1",4,8,6
372,"1",21,3,6,6,7,3,5,3,3,5,4,4,4.5,4.5,6,3.5,"2","1","1",4,8,6
373,"1",20,4,4,6,2,3,6,3,5,3,4,5,3.5,5.5,2.5,3.5,"2","1","1",6,10,5
374,"1",21,5,5,3,6,6,4,4,4,6,6,4.5,4.5,3.5,6,6,"2","1","1",5,8,5
375,"1",20,2,5,5,4,5,3,3,4,4,5,2.5,4,4.5,4,5,"2","1","1",3,7,6
376,"1",18,3,4,4,3,5,4,6,5,3,5,3.5,5,4.5,3,5,"2","1","1",3,8,6
377,"1",19,4,5,4,3,2,4,6,6,4,3,4,5.5,5,3.5,2.5,"2","1","1",3,7,5
378,"1",20,2,4,7,5,6,5,6,7,3,4,3.5,5,7,4,5,"2","1","1",4,10,6
379,"1",21,4,2,5,4,4,3,4,6,3,4,3.5,3,5.5,3.5,4,"2","1","1",4,8,5
380,"1",21,3,3,4,2,3,3,4,6,3,1,3,3.5,5,2.5,2,"2","1","1",4,9,7
381,"1",18,2,5,5,3,5,2,7,4,3,4,2,6,4.5,3,4.5,"2","1","1",3,8,6
382,"1",21,3,3,3,3,6,3,3,5,5,6,3,3,4,4,6,"2","1","1",3,7,6
383,"1",20,4,4,1,5,3,1,2,1,4,4,2.5,3,1,4.5,3.5,"2","1","1",2,6,7
384,"1",20,5,3,4,4,4,4,5,6,4,2,4.5,4,5,4,3,"2","1","1",3,6,6
385,"1",20,5,5,4,5,5,4,5,5,4,5,4.5,5,4.5,4.5,5,"2","1","1",3,7,6
386,"1",21,6,4,4,4,4,5,3,6,2,5,5.5,3.5,5,3,4.5,"2","1","1",4,7,7
387,"1",21,3,3,6,6,4,3,1,6,6,3,3,2,6,6,3.5,"2","1","1",4,7,6
388,"1",21,5,3,4,4,4,6,3,5,3,3,5.5,3,4.5,3.5,3.5,"2","1","1",5,9,6
389,"1",19,4,6,3,2,5,5,3,5,4,5,4.5,4.5,4,3,5,"2","1","1",2,6,6
390,"1",21,4,3,4,4,5,4,4,4,3,6,4,3.5,4,3.5,5.5,"2","1","1",4,9,6
391,"1",19,4,2,5,3,3,2,3,5,2,5,3,2.5,5,2.5,4,"1","1","1",5,8,5
392,"1",22,3,1,5,3,6,5,3,5,3,4,4,2,5,3,5,"1","1","1",5,8,5
393,"1",20,5,4,3,2,3,5,1,4,3,4,5,2.5,3.5,2.5,3.5,"1","1","1",5,7,5
394,"1",21,4,3,3,3,4,5,4,7,5,2,4.5,3.5,5,4,3,"1","1","1",4,6,4
395,"1",20,6,3,5,1,2,5,6,6,2,4,5.5,4.5,5.5,1.5,3,"1","1","1",3,6,5
396,"1",22,4,4,7,5,5,4,2,4,5,6,4,3,5.5,5,5.5,"1","1","1",3,6,5
397,"1",20,1,2,5,4,5,3,2,5,3,5,2,2,5,3.5,5,"1","1","1",4,6,5
398,"1",19,1,4,3,3,4,3,3,6,2,6,2,3.5,4.5,2.5,5,"1","1","1",3,6,6
399,"1",21,4,3,6,5,4,3,4,3,4,2,3.5,3.5,4.5,4.5,3,"1","1","1",7,10,5
400,"1",20,4,5,4,2,3,3,3,4,2,3,3.5,4,4,2,3,"1","1","1",5,8,6
401,"1",19,4,4,4,1,6,6,2,4,3,5,5,3,4,2,5.5,"1","1","1",3,5,5
402,"1",21,2,5,3,4,5,4,3,3,2,5,3,4,3,3,5,"1","1","1",4,7,5
403,"1",19,2,4,5,2,3,3,3,4,3,3,2.5,3.5,4.5,2.5,3,"1","1","1",5,8,6
404,"1",20,4,6,3,3,5,4,6,4,3,7,4,6,3.5,3,6,"1","1","1",2,5,6
405,"1",20,5,5,7,4,6,7,5,4,5,7,6,5,5.5,4.5,6.5,"1","1","1",2,5,6
406,"1",21,5,7,4,6,3,3,5,3,4,1,4,6,3.5,5,2,"1","1","1",5,9,6
407,"1",20,2,4,7,2,5,4,2,7,5,5,3,3,7,3.5,5,"1","1","1",4,7,5
408,"1",18,3,3,3,4,4,4,2,4,5,3,3.5,2.5,3.5,4.5,3.5,"1","1","1",4,7,4
409,"1",19,3,5,4,4,4,3,5,4,5,4,3,5,4,4.5,4,"1","1","1",4,8,6
410,"1",22,1,6,4,2,4,4,4,4,3,3,2.5,5,4,2.5,3.5,"1","1","1",3,5,6
411,"1",18,3,5,5,5,5,4,5,5,5,6,3.5,5,5,5,5.5,"1","1","1",4,8,5
412,"1",22,2,6,4,3,5,3,6,7,3,6,2.5,6,5.5,3,5.5,"1","1","1",4,7,6
413,"1",20,4,4,4,2,3,4,3,2,3,4,4,3.5,3,2.5,3.5,"1","1","1",2,4,5
414,"1",19,2,2,3,5,5,4,2,4,4,5,3,2,3.5,4.5,5,"1","1","1",4,7,4
415,"1",21,2,2,4,3,3,5,2,3,3,4,3.5,2,3.5,3,3.5,"1","1","1",4,7,5
416,"1",20,6,3,6,3,4,5,3,6,5,5,5.5,3,6,4,4.5,"1","1","1",4,7,5
417,"1",21,7,3,4,1,4,7,6,3,1,4,7,4.5,3.5,1,4,"1","1","1",4,7,5
418,"1",19,4,5,6,6,4,3,4,5,5,4,3.5,4.5,5.5,5.5,4,"1","1","1",6,10,5
419,"1",20,5,2,5,6,6,6,3,4,5,5,5.5,2.5,4.5,5.5,5.5,"1","1","1",4,6,5
420,"1",21,5,2,3,3,6,5,3,4,2,6,5,2.5,3.5,2.5,6,"1","1","1",5,8,5
421,"1",19,4,3,3,3,4,4,2,4,6,5,4,2.5,3.5,4.5,4.5,"0","1","1",4,6,4
422,"1",20,5,6,6,4,4,4,6,7,4,1,4.5,6,6.5,4,2.5,"0","1","1",4,7,6
423,"1",19,1,3,5,4,2,3,4,5,4,1,2,3.5,5,4,1.5,"0","1","1",4,6,4
424,"1",20,1,3,6,3,4,3,3,7,4,6,2,3,6.5,3.5,5,"0","1","1",4,6,5
425,"1",20,4,4,3,5,5,5,5,3,4,5,4.5,4.5,3,4.5,5,"0","1","1",5,8,5
426,"1",19,4,5,3,5,5,4,6,4,2,7,4,5.5,3.5,3.5,6,"0","1","1",4,6,5
427,"1",19,4,5,4,5,5,4,4,4,5,4,4,4.5,4,5,4.5,"0","1","1",4,6,4
428,"1",20,1,6,5,2,4,3,5,4,2,5,2,5.5,4.5,2,4.5,"0","1","1",4,6,6
429,"1",21,3,2,5,4,4,6,1,4,3,4,4.5,1.5,4.5,3.5,4,"0","1","1",3,4,5
430,"1",22,2,6,4,3,4,3,5,5,4,5,2.5,5.5,4.5,3.5,4.5,"0","1","1",5,7,5
431,"1",20,2,4,5,1,3,4,2,5,3,3,3,3,5,2,3,"0","1","1",2,5,5
432,"1",21,5,5,4,4,4,4,4,4,2,5,4.5,4.5,4,3,4.5,"0","1","1",2,4,5
433,"1",19,5,5,4,3,5,6,2,3,3,7,5.5,3.5,3.5,3,6,"0","1","1",4,5,4
434,"1",22,5,1,5,4,3,6,3,4,3,3,5.5,2,4.5,3.5,3,"0","1","1",3,4,5
435,"1",19,3,3,6,4,3,3,4,7,4,4,3,3.5,6.5,4,3.5,"0","1","1",3,6,6
436,"1",20,3,6,4,4,3,4,5,6,2,4,3.5,5.5,5,3,3.5,"0","1","1",2,5,6
437,"1",19,2,4,4,4,4,3,3,4,4,2,2.5,3.5,4,4,3,"0","1","1",6,8,4
438,"1",20,3,5,4,4,4,4,4,3,5,3,3.5,4.5,3.5,4.5,3.5,"0","1","1",4,6,5
439,"1",20,6,4,6,6,5,4,4,6,6,6,5,4,6,6,5.5,"0","1","1",4,6,5
440,"1",20,4,3,4,3,5,6,4,4,3,5,5,3.5,4,3,5,"0","1","1",5,6,4
441,"1",20,2,4,5,6,4,3,3,6,6,3,2.5,3.5,5.5,6,3.5,"0","1","1",3,5,3
442,"1",19,5,4,5,3,3,3,5,5,2,5,4,4.5,5,2.5,4,"0","1","1",5,7,5
443,"1",19,2,3,4,2,6,4,2,3,2,7,3,2.5,3.5,2,6.5,"0","1","1",6,8,5
444,"1",20,4,5,5,5,3,4,6,5,4,4,4,5.5,5,4.5,3.5,"0","1","1",4,7,5
445,"1",20,4,3,5,4,4,4,4,4,4,5,4,3.5,4.5,4,4.5,"0","1","1",4,6,4
446,"1",21,5,2,2,5,4,6,5,1,4,6,5.5,3.5,1.5,4.5,5,"0","1","1",4,6,4
447,"1",20,4,3,2,4,7,5,3,4,5,7,4.5,3,3,4.5,7,"0","1","1",4,5,3
448,"1",19,4,6,6,2,3,4,4,5,4,3,4,5,5.5,3,3,"0","1","1",5,7,5
449,"1",20,2,2,4,4,3,4,1,4,2,4,3,1.5,4,3,3.5,"0","1","1",4,5,5
450,"1",22,2,4,5,4,6,2,2,4,3,3,2,3,4.5,3.5,4.5,"0","1","1",4,5,4
451,"1",20,6,3,3,4,3,7,4,3,2,5,6.5,3.5,3,3,4,"2","1","0",3,5,3
452,"1",20,1,5,7,3,4,3,5,5,3,4,2,5,6,3,4,"2","1","0",4,6,4
453,"1",19,1,3,1,6,5,2,5,4,5,6,1.5,4,2.5,5.5,5.5,"2","1","0",4,5,5
454,"1",20,3,4,6,3,3,4,3,6,4,5,3.5,3.5,6,3.5,4,"2","1","0",3,4,4
455,"1",20,4,7,4,3,4,3,5,4,3,4,3.5,6,4,3,4,"2","1","0",4,6,6
456,"1",20,3,3,5,4,5,3,4,6,6,7,3,3.5,5.5,5,6,"2","1","0",4,6,5
457,"1",20,5,5,4,4,4,3,7,3,5,3,4,6,3.5,4.5,3.5,"2","1","0",3,5,5
458,"1",20,3,4,5,5,1,4,4,1,5,2,3.5,4,3,5,1.5,"2","1","0",4,5,4
459,"1",20,3,5,3,3,3,3,3,3,4,4,3,4,3,3.5,3.5,"2","1","0",3,3,4
460,"1",21,4,4,4,2,3,4,3,4,3,3,4,3.5,4,2.5,3,"2","1","0",5,6,4
461,"1",21,4,2,5,3,2,5,1,5,3,4,4.5,1.5,5,3,3,"2","1","0",5,6,5
462,"1",20,4,3,6,3,4,6,1,6,3,6,5,2,6,3,5,"2","1","0",4,4,4
463,"1",19,4,3,4,2,4,5,2,5,2,4,4.5,2.5,4.5,2,4,"2","1","0",5,5,4
464,"1",19,4,3,5,5,5,4,2,3,4,5,4,2.5,4,4.5,5,"2","1","0",4,5,3
465,"1",20,5,3,4,3,3,5,4,4,4,5,5,3.5,4,3.5,4,"2","1","0",2,4,6
466,"1",19,5,5,4,3,4,5,6,5,2,4,5,5.5,4.5,2.5,4,"2","1","0",4,5,4
467,"1",21,4,5,4,5,4,6,3,5,4,4,5,4,4.5,4.5,4,"2","1","0",4,6,4
468,"1",20,4,4,4,3,4,5,4,4,3,5,4.5,4,4,3,4.5,"2","1","0",1,2,5
469,"1",22,4,3,2,4,5,4,3,3,4,6,4,3,2.5,4,5.5,"2","1","0",5,6,4
470,"1",19,3,6,4,3,5,4,5,2,2,4,3.5,5.5,3,2.5,4.5,"2","1","0",5,7,3
471,"1",21,3,5,3,4,4,3,5,5,5,5,3,5,4,4.5,4.5,"2","1","0",5,6,4
472,"1",20,3,7,5,4,4,5,5,5,3,5,4,6,5,3.5,4.5,"2","1","0",5,6,4
473,"1",19,4,4,6,4,4,4,4,4,3,3,4,4,5,3.5,3.5,"2","1","0",4,4,3
474,"1",18,4,5,4,4,5,3,4,3,3,7,3.5,4.5,3.5,3.5,6,"2","1","0",5,7,5
475,"1",20,3,3,5,7,5,3,4,5,5,5,3,3.5,5,6,5,"2","1","0",4,5,4
476,"1",19,5,6,4,3,1,7,3,3,3,2,6,4.5,3.5,3,1.5,"2","1","0",3,4,5
477,"1",19,3,1,4,3,6,6,2,5,4,6,4.5,1.5,4.5,3.5,6,"2","1","0",5,6,3
478,"1",20,4,3,4,3,5,5,4,3,3,5,4.5,3.5,3.5,3,5,"2","1","0",3,4,4
479,"1",20,5,5,6,5,4,6,4,6,3,4,5.5,4.5,6,4,4,"2","1","0",4,5,3
480,"1",21,2,3,4,4,5,2,2,4,4,6,2,2.5,4,4,5.5,"2","1","0",4,5,3
481,"1",20,5,4,4,3,4,4,3,4,2,3,4.5,3.5,4,2.5,3.5,"1","1","0",4,4,3
482,"1",19,2,6,5,3,4,4,4,4,3,5,3,5,4.5,3,4.5,"1","1","0",4,3,4
483,"1",20,5,4,3,2,4,5,2,4,4,3,5,3,3.5,3,3.5,"1","1","0",4,4,4
484,"1",19,1,4,2,5,4,4,2,4,5,4,2.5,3,3,5,4,"1","1","0",4,4,4
485,"1",20,5,4,3,6,5,5,4,6,5,6,5,4,4.5,5.5,5.5,"1","1","0",4,5,4
486,"1",21,6,4,5,3,4,5,3,5,5,3,5.5,3.5,5,4,3.5,"1","1","0",5,5,4
487,"1",21,2,4,6,3,4,3,6,5,3,5,2.5,5,5.5,3,4.5,"1","1","0",5,5,3
488,"1",19,4,6,2,5,1,6,4,3,5,1,5,5,2.5,5,1,"1","1","0",4,3,4
489,"1",19,5,3,5,3,3,5,3,4,4,2,5,3,4.5,3.5,2.5,"1","1","0",5,4,3
490,"1",20,1,4,5,2,4,3,3,3,2,6,2,3.5,4,2,5,"1","1","0",4,4,3
491,"1",21,4,5,7,3,2,6,4,5,3,6,5,4.5,6,3,4,"1","1","0",4,3,4
492,"1",19,3,5,4,6,5,5,1,5,4,4,4,3,4.5,5,4.5,"1","1","0",4,5,3
493,"1",21,2,3,6,3,4,3,3,4,3,4,2.5,3,5,3,4,"1","1","0",4,4,4
494,"1",19,2,3,4,6,4,3,5,5,6,4,2.5,4,4.5,6,4,"1","1","0",5,5,4
495,"1",22,2,4,7,2,2,6,5,7,4,4,4,4.5,7,3,3,"1","1","0",4,3,4
496,"1",20,7,2,5,4,4,5,2,3,5,5,6,2,4,4.5,4.5,"1","1","0",4,3,4
497,"1",19,3,4,6,3,3,4,5,6,4,4,3.5,4.5,6,3.5,3.5,"1","1","0",4,5,4
498,"1",21,4,6,3,4,6,4,4,3,3,6,4,5,3,3.5,6,"1","1","0",4,4,4
499,"1",19,3,2,4,5,5,3,2,3,4,4,3,2,3.5,4.5,4.5,"1","1","0",6,5,4
500,"1",20,3,3,3,4,4,4,2,3,4,5,3.5,2.5,3,4,4.5,"1","1","0",5,5,2
501,"1",20,6,5,5,6,4,6,4,5,5,5,6,4.5,5,5.5,4.5,"1","1","0",3,4,3
502,"1",21,4,2,4,2,5,4,4,5,3,3,4,3,4.5,2.5,4,"1","1","0",4,4,3
503,"1",22,3,3,5,3,3,3,3,6,4,2,3,3,5.5,3.5,2.5,"1","1","0",5,5,4
504,"1",20,5,2,4,4,5,4,4,4,4,4,4.5,3,4,4,4.5,"1","1","0",7,7,3
505,"1",22,2,5,3,4,6,3,5,2,4,6,2.5,5,2.5,4,6,"1","1","0",5,5,5
506,"1",19,4,5,7,4,4,5,5,7,5,6,4.5,5,7,4.5,5,"1","1","0",5,5,4
507,"1",20,2,3,4,3,5,6,5,2,3,4,4,4,3,3,4.5,"1","1","0",2,2,4
508,"1",21,6,5,7,3,3,4,3,6,2,2,5,4,6.5,2.5,2.5,"1","1","0",4,4,3
509,"1",20,5,5,4,2,3,4,4,5,3,6,4.5,4.5,4.5,2.5,4.5,"1","1","0",6,6,4
510,"1",18,5,6,4,3,4,4,6,3,1,2,4.5,6,3.5,2,3,"1","1","0",5,5,3
511,"1",20,3,7,7,2,5,4,5,7,4,6,3.5,6,7,3,5.5,"0","1","0",5,5,3
512,"1",21,3,5,6,3,4,3,4,5,2,3,3,4.5,5.5,2.5,3.5,"0","1","0",4,3,3
513,"1",20,3,4,4,4,4,4,3,4,4,3,3.5,3.5,4,4,3.5,"0","1","0",4,3,NA
514,"1",21,3,3,3,5,4,4,4,5,3,3,3.5,3.5,4,4,3.5,"0","1","0",3,3,2
515,"1",20,4,6,3,2,3,4,5,3,4,1,4,5.5,3,3,2,"0","1","0",5,4,4
516,"1",19,2,3,5,7,3,3,4,7,7,3,2.5,3.5,6,7,3,"0","1","0",5,4,2
517,"1",20,5,6,6,4,5,5,6,5,3,4,5,6,5.5,3.5,4.5,"0","1","0",4,3,3
518,"1",18,4,3,5,5,5,3,5,4,5,7,3.5,4,4.5,5,6,"0","1","0",2,2,NA
519,"1",21,3,5,5,4,3,5,4,5,5,1,4,4.5,5,4.5,2,"0","1","0",2,0,NA
520,"1",22,3,3,6,5,2,4,4,5,4,5,3.5,3.5,5.5,4.5,3.5,"0","1","0",4,2,2
521,"1",21,4,3,5,3,4,5,5,4,4,3,4.5,4,4.5,3.5,3.5,"0","1","0",3,2,3
522,"1",20,3,5,6,5,3,4,4,7,4,3,3.5,4.5,6.5,4.5,3,"0","1","0",3,3,3
523,"1",22,6,5,7,6,4,6,5,6,3,4,6,5,6.5,4.5,4,"0","1","0",4,4,4
524,"1",18,5,5,5,4,4,7,4,4,4,5,6,4.5,4.5,4,4.5,"0","1","0",4,3,4
525,"1",21,2,2,3,5,5,3,4,3,6,5,2.5,3,3,5.5,5,"0","1","0",4,2,4
526,"1",21,3,3,4,3,3,4,4,4,3,2,3.5,3.5,4,3,2.5,"0","1","0",5,3,3
527,"1",19,6,6,3,1,3,3,7,2,2,7,4.5,6.5,2.5,1.5,5,"0","1","0",3,3,3
528,"1",21,2,5,4,3,1,4,4,5,4,1,3,4.5,4.5,3.5,1,"0","1","0",5,4,3
529,"1",20,1,5,4,5,3,4,3,5,5,5,2.5,4,4.5,5,4,"0","1","0",3,1,3
530,"1",19,3,3,4,3,3,3,3,4,3,3,3,3,4,3,3,"0","1","0",4,3,3
531,"1",20,4,4,4,3,5,4,5,5,2,5,4,4.5,4.5,2.5,5,"0","1","0",5,4,3
532,"1",20,3,7,4,5,4,5,5,4,3,6,4,6,4,4,5,"0","1","0",3,3,3
533,"1",19,2,7,5,5,4,4,6,6,3,2,3,6.5,5.5,4,3,"0","1","0",4,4,3
534,"1",19,3,3,5,4,4,4,3,6,5,2,3.5,3,5.5,4.5,3,"0","1","0",5,3,3
535,"1",22,2,1,3,2,5,3,3,2,2,5,2.5,2,2.5,2,5,"0","1","0",6,6,2
536,"1",18,6,3,4,5,3,7,4,1,4,3,6.5,3.5,2.5,4.5,3,"0","1","0",4,3,3
537,"1",20,3,2,4,5,3,2,3,6,4,2,2.5,2.5,5,4.5,2.5,"0","1","0",2,1,3
538,"1",19,5,1,2,4,4,5,1,3,4,4,5,1,2.5,4,4,"0","1","0",5,2,2
539,"1",19,5,4,5,3,1,6,3,7,3,4,5.5,3.5,6,3,2.5,"0","1","0",5,3,3
540,"1",18,3,3,3,2,6,5,2,2,4,4,4,2.5,2.5,3,5,"0","1","0",5,5,3
541,"1",20,2,2,3,3,3,4,2,2,4,3,3,2,2.5,3.5,3,"2","0","1",5,6,4
542,"1",21,4,3,3,5,4,3,3,3,5,3,3.5,3,3,5,3.5,"2","0","1",4,5,4
543,"1",20,4,4,5,3,5,3,3,5,3,6,3.5,3.5,5,3,5.5,"2","0","1",5,6,3
544,"1",22,6,5,5,3,5,5,5,5,4,5,5.5,5,5,3.5,5,"2","0","1",3,5,5
545,"1",20,4,4,7,3,4,4,5,6,3,6,4,4.5,6.5,3,5,"2","0","1",3,6,6
546,"1",19,3,6,5,5,4,3,5,4,4,3,3,5.5,4.5,4.5,3.5,"2","0","1",3,5,5
547,"1",20,4,6,3,3,3,6,3,4,3,2,5,4.5,3.5,3,2.5,"2","0","1",4,6,5
548,"1",21,4,1,3,2,5,4,2,4,2,3,4,1.5,3.5,2,4,"2","0","1",6,6,4
549,"1",21,4,6,6,3,4,7,5,7,3,3,5.5,5.5,6.5,3,3.5,"2","0","1",4,7,4
550,"1",20,5,4,3,4,4,5,1,4,6,3,5,2.5,3.5,5,3.5,"2","0","1",5,7,6
551,"1",20,6,5,5,5,3,5,4,4,4,2,5.5,4.5,4.5,4.5,2.5,"2","0","1",3,5,5
552,"1",21,1,3,5,1,4,3,4,6,3,3,2,3.5,5.5,2,3.5,"2","0","1",1,3,5
553,"1",22,3,2,5,4,3,4,1,5,5,5,3.5,1.5,5,4.5,4,"2","0","1",4,4,4
554,"1",19,5,3,5,6,5,6,3,6,5,7,5.5,3,5.5,5.5,6,"2","0","1",3,4,6
555,"1",20,3,2,5,4,4,5,4,5,4,5,4,3,5,4,4.5,"2","0","1",5,6,5
556,"1",19,6,3,4,3,5,5,3,4,5,5,5.5,3,4,4,5,"2","0","1",4,5,5
557,"1",18,4,5,4,6,3,3,4,6,5,3,3.5,4.5,5,5.5,3,"2","0","1",5,7,5
558,"1",21,1,4,3,5,3,6,3,3,3,2,3.5,3.5,3,4,2.5,"2","0","1",5,7,5
559,"1",21,2,2,4,2,5,4,5,3,4,2,3,3.5,3.5,3,3.5,"2","0","1",3,4,6
560,"1",21,3,5,4,3,5,5,3,3,3,7,4,4,3.5,3,6,"2","0","1",4,5,5
561,"1",20,2,2,3,3,3,4,6,5,3,6,3,4,4,3,4.5,"2","0","1",3,5,5
562,"1",19,4,3,5,3,3,4,4,6,3,4,4,3.5,5.5,3,3.5,"2","0","1",2,4,6
563,"1",19,3,7,4,3,4,4,5,5,5,5,3.5,6,4.5,4,4.5,"2","0","1",4,7,6
564,"1",20,3,4,5,3,4,3,1,1,4,4,3,2.5,3,3.5,4,"2","0","1",4,6,5
565,"1",19,4,6,4,3,4,5,3,6,3,5,4.5,4.5,5,3,4.5,"2","0","1",3,6,5
566,"1",19,5,5,4,7,6,5,5,4,5,6,5,5,4,6,6,"2","0","1",4,6,4
567,"1",19,2,3,5,6,3,4,3,5,4,3,3,3,5,5,3,"2","0","1",6,8,6
568,"1",20,3,6,5,4,5,5,3,5,3,5,4,4.5,5,3.5,5,"2","0","1",2,5,7
569,"1",19,6,3,6,5,3,5,2,4,4,2,5.5,2.5,5,4.5,2.5,"2","0","1",4,6,4
570,"1",21,6,4,4,4,3,7,2,6,3,4,6.5,3,5,3.5,3.5,"2","0","1",4,7,5
571,"1",20,3,4,4,4,5,4,4,6,4,3,3.5,4,5,4,4,"1","0","1",3,4,3
572,"1",18,3,3,7,6,4,4,5,7,4,3,3.5,4,7,5,3.5,"1","0","1",3,5,4
573,"1",18,3,4,3,4,3,4,3,6,2,6,3.5,3.5,4.5,3,4.5,"1","0","1",4,5,4
574,"1",20,4,5,4,5,4,4,6,3,3,5,4,5.5,3.5,4,4.5,"1","0","1",5,7,4
575,"1",19,4,4,4,1,5,5,4,4,1,7,4.5,4,4,1,6,"1","0","1",3,2,4
576,"1",20,5,4,5,2,3,4,4,2,3,2,4.5,4,3.5,2.5,2.5,"1","0","1",4,7,4
577,"1",22,3,4,3,4,4,6,4,5,4,3,4.5,4,4,4,3.5,"1","0","1",4,5,4
578,"1",20,4,5,5,4,3,4,5,4,3,5,4,5,4.5,3.5,4,"1","0","1",5,6,4
579,"1",18,3,7,6,3,5,5,4,6,3,6,4,5.5,6,3,5.5,"1","0","1",4,5,5
580,"1",18,5,4,4,2,3,4,5,4,4,3,4.5,4.5,4,3,3,"1","0","1",5,6,4
581,"1",20,4,6,4,6,5,5,3,4,3,6,4.5,4.5,4,4.5,5.5,"1","0","1",4,5,4
582,"1",19,4,6,4,3,2,4,3,3,3,5,4,4.5,3.5,3,3.5,"1","0","1",4,5,4
583,"1",19,3,5,5,1,3,5,4,3,3,4,4,4.5,4,2,3.5,"1","0","1",5,6,4
584,"1",21,5,5,3,5,6,5,6,2,3,4,5,5.5,2.5,4,5,"1","0","1",3,6,4
585,"1",19,3,5,2,5,5,5,3,3,5,7,4,4,2.5,5,6,"1","0","1",5,5,3
586,"1",21,6,6,5,3,5,4,3,5,4,5,5,4.5,5,3.5,5,"1","0","1",4,6,5
587,"1",21,4,4,5,4,5,4,3,4,3,5,4,3.5,4.5,3.5,5,"1","0","1",4,5,4
588,"1",19,5,5,4,4,5,4,3,3,3,4,4.5,4,3.5,3.5,4.5,"1","0","1",3,3,4
589,"1",19,4,5,5,5,5,5,6,6,5,5,4.5,5.5,5.5,5,5,"1","0","1",3,4,5
590,"1",21,3,5,5,4,5,2,4,3,4,6,2.5,4.5,4,4,5.5,"1","0","1",3,5,4
591,"1",21,3,2,3,4,5,4,2,5,4,5,3.5,2,4,4,5,"1","0","1",6,6,4
592,"1",20,4,4,4,4,4,6,2,4,4,4,5,3,4,4,4,"1","0","1",4,5,4
593,"1",21,4,4,6,5,4,5,3,4,4,4,4.5,3.5,5,4.5,4,"1","0","1",3,4,4
594,"1",21,5,6,5,3,5,5,7,5,3,2,5,6.5,5,3,3.5,"1","0","1",5,8,4
595,"1",22,3,4,4,4,5,4,6,5,4,5,3.5,5,4.5,4,5,"1","0","1",4,6,4
596,"1",20,5,5,4,4,4,5,1,5,4,3,5,3,4.5,4,3.5,"1","0","1",5,5,3
597,"1",20,3,4,4,2,5,2,2,2,2,3,2.5,3,3,2,4,"1","0","1",5,5,3
598,"1",19,2,3,4,2,6,5,3,4,2,4,3.5,3,4,2,5,"1","0","1",4,5,3
599,"1",18,5,5,4,6,4,6,4,4,5,5,5.5,4.5,4,5.5,4.5,"1","0","1",4,4,5
600,"1",21,2,7,6,5,5,2,4,7,6,4,2,5.5,6.5,5.5,4.5,"1","0","1",4,6,4
601,"1",22,4,3,5,6,5,3,4,5,3,7,3.5,3.5,5,4.5,6,"0","0","1",2,1,4
602,"1",21,5,6,3,2,4,5,7,5,4,4,5,6.5,4,3,4,"0","0","1",3,3,5
603,"1",20,6,2,4,3,3,5,1,5,3,4,5.5,1.5,4.5,3,3.5,"0","0","1",3,3,3
604,"1",21,4,5,6,2,2,4,6,5,4,4,4,5.5,5.5,3,3,"0","0","1",3,4,4
605,"1",19,3,4,6,4,5,3,6,5,4,3,3,5,5.5,4,4,"0","0","1",4,5,4
606,"1",20,3,5,3,3,4,2,5,2,5,5,2.5,5,2.5,4,4.5,"0","0","1",4,4,3
607,"1",20,4,3,4,5,3,4,4,5,4,4,4,3.5,4.5,4.5,3.5,"0","0","1",5,4,2
608,"1",21,4,6,4,4,6,4,5,3,4,6,4,5.5,3.5,4,6,"0","0","1",4,5,4
609,"1",20,2,5,3,5,5,4,5,5,5,4,3,5,4,5,4.5,"0","0","1",4,4,5
610,"1",21,2,4,5,3,3,3,5,5,3,4,2.5,4.5,5,3,3.5,"0","0","1",5,5,3
611,"1",18,5,3,5,6,4,4,1,5,4,3,4.5,2,5,5,3.5,"0","0","1",3,3,3
612,"1",20,4,4,5,3,6,6,1,3,5,4,5,2.5,4,4,5,"0","0","1",6,6,4
613,"1",21,3,2,2,5,4,5,3,4,4,4,4,2.5,3,4.5,4,"0","0","1",4,3,3
614,"1",21,4,5,6,6,4,5,3,7,4,5,4.5,4,6.5,5,4.5,"0","0","1",4,4,4
615,"1",21,2,5,5,4,5,2,4,6,3,7,2,4.5,5.5,3.5,6,"0","0","1",4,4,4
616,"1",21,3,3,4,6,5,2,3,3,3,4,2.5,3,3.5,4.5,4.5,"0","0","1",3,3,3
617,"1",18,5,2,4,6,3,5,2,5,3,5,5,2,4.5,4.5,4,"0","0","1",5,4,3
618,"1",19,3,5,2,4,4,5,3,2,5,4,4,4,2,4.5,4,"0","0","1",5,5,5
619,"1",20,5,3,4,4,5,4,2,1,3,5,4.5,2.5,2.5,3.5,5,"0","0","1",4,3,3
620,"1",20,4,4,4,1,5,4,5,4,1,6,4,4.5,4,1,5.5,"0","0","1",5,6,4
621,"1",21,3,5,5,3,4,5,6,3,4,5,4,5.5,4,3.5,4.5,"0","0","1",2,3,5
622,"1",19,4,3,4,5,4,4,3,2,4,6,4,3,3,4.5,5,"0","0","1",2,2,3
623,"1",21,4,4,4,5,5,5,5,6,5,4,4.5,4.5,5,5,4.5,"0","0","1",4,3,3
624,"1",20,4,3,2,3,5,3,5,2,3,5,3.5,4,2,3,5,"0","0","1",4,4,3
625,"1",21,3,2,4,5,5,3,2,4,5,5,3,2,4,5,5,"0","0","1",4,4,3
626,"1",20,4,4,3,3,3,3,2,4,3,2,3.5,3,3.5,3,2.5,"0","0","1",4,3,2
627,"1",20,4,3,5,5,4,5,2,6,4,1,4.5,2.5,5.5,4.5,2.5,"0","0","1",4,4,4
628,"1",21,2,3,5,5,4,5,3,6,4,5,3.5,3,5.5,4.5,4.5,"0","0","1",5,5,3
629,"1",19,4,5,3,4,2,4,3,5,2,6,4,4,4,3,4,"0","0","1",4,4,3
630,"1",20,3,5,3,3,3,4,3,4,5,5,3.5,4,3.5,4,4,"0","0","1",4,4,4
631,"1",19,4,3,6,3,4,5,5,5,3,4,4.5,4,5.5,3,4,"2","0","0",2,0,3
632,"1",20,3,5,6,4,6,4,4,6,3,7,3.5,4.5,6,3.5,6.5,"2","0","0",5,3,2
633,"1",18,6,2,1,3,3,5,4,2,3,6,5.5,3,1.5,3,4.5,"2","0","0",3,1,3
634,"1",22,2,3,4,5,4,5,3,2,6,3,3.5,3,3,5.5,3.5,"2","0","0",5,4,3
635,"1",20,5,6,6,6,2,5,3,4,4,1,5,4.5,5,5,1.5,"2","0","0",5,3,3
636,"1",20,2,3,6,4,4,3,2,6,3,3,2.5,2.5,6,3.5,3.5,"2","0","0",4,1,3
637,"1",22,4,1,4,5,4,4,2,5,4,1,4,1.5,4.5,4.5,2.5,"2","0","0",5,1,3
638,"1",19,6,3,5,4,4,7,3,5,3,4,6.5,3,5,3.5,4,"2","0","0",4,1,4
639,"1",19,5,3,5,4,3,5,3,6,4,2,5,3,5.5,4,2.5,"2","0","0",5,3,4
640,"1",22,5,4,6,4,4,5,5,4,4,4,5,4.5,5,4,4,"2","0","0",4,2,4
641,"1",18,6,5,5,3,2,6,5,7,4,2,6,5,6,3.5,2,"2","0","0",3,1,3
642,"1",18,2,4,5,4,3,5,3,5,3,4,3.5,3.5,5,3.5,3.5,"2","0","0",3,1,4
643,"1",21,4,4,3,4,4,6,3,2,4,3,5,3.5,2.5,4,3.5,"2","0","0",4,2,3
644,"1",18,5,3,3,3,7,5,3,4,5,6,5,3,3.5,4,6.5,"2","0","0",5,2,3
645,"1",20,3,7,3,3,5,5,5,4,3,6,4,6,3.5,3,5.5,"2","0","0",3,0,3
646,"1",20,6,4,4,7,5,5,5,6,4,2,5.5,4.5,5,5.5,3.5,"2","0","0",3,2,3
647,"1",19,3,6,6,5,4,4,2,5,4,5,3.5,4,5.5,4.5,4.5,"2","0","0",3,0,4
648,"1",20,4,4,4,4,4,3,3,5,5,3,3.5,3.5,4.5,4.5,3.5,"2","0","0",4,1,4
649,"1",19,4,4,6,3,6,5,4,6,3,3,4.5,4,6,3,4.5,"2","0","0",5,2,3
650,"1",20,2,1,4,5,1,3,5,5,4,2,2.5,3,4.5,4.5,1.5,"2","0","0",5,3,4
651,"1",19,4,5,3,6,5,4,5,5,3,4,4,5,4,4.5,4.5,"2","0","0",5,3,4
652,"1",18,6,2,2,4,5,6,3,4,4,2,6,2.5,3,4,3.5,"2","0","0",3,0,4
653,"1",19,3,4,3,6,5,5,2,4,5,4,4,3,3.5,5.5,4.5,"2","0","0",6,3,3
654,"1",18,4,3,4,3,4,3,3,4,2,4,3.5,3,4,2.5,4,"2","0","0",5,4,3
655,"1",19,3,4,6,4,4,4,3,5,5,6,3.5,3.5,5.5,4.5,5,"2","0","0",6,3,2
656,"1",19,3,6,5,4,6,2,4,5,3,6,2.5,5,5,3.5,6,"2","0","0",2,0,3
657,"1",21,2,1,5,3,4,4,1,5,3,5,3,1,5,3,4.5,"2","0","0",4,0,3
658,"1",21,1,3,4,3,4,2,6,4,4,3,1.5,4.5,4,3.5,3.5,"2","0","0",4,3,4
659,"1",20,2,3,5,4,5,2,1,6,4,7,2,2,5.5,4,6,"2","0","0",6,4,2
660,"1",19,2,6,4,1,3,3,4,3,4,4,2.5,5,3.5,2.5,3.5,"2","0","0",5,3,5
661,"1",22,1,5,4,4,4,3,3,4,6,4,2,4,4,5,4,"1","0","0",5,2,1
662,"1",21,5,6,2,4,5,5,4,2,4,6,5,5,2,4,5.5,"1","0","0",4,2,3
663,"1",20,3,3,5,4,6,3,1,6,3,4,3,2,5.5,3.5,5,"1","0","0",4,2,3
664,"1",20,6,6,5,5,4,4,5,7,6,5,5,5.5,6,5.5,4.5,"1","0","0",2,0,2
665,"1",18,5,3,5,4,2,5,1,5,4,4,5,2,5,4,3,"1","0","0",4,0,2
666,"1",21,5,5,2,2,4,5,4,4,4,2,5,4.5,3,3,3,"1","0","0",3,0,3
667,"1",20,5,5,3,3,3,3,4,3,4,2,4,4.5,3,3.5,2.5,"1","0","0",5,2,3
668,"1",20,5,1,4,3,4,4,2,3,3,3,4.5,1.5,3.5,3,3.5,"1","0","0",3,0,3
669,"1",19,3,5,4,4,3,5,6,5,4,3,4,5.5,4.5,4,3,"1","0","0",5,3,3
670,"1",21,4,3,5,3,4,4,5,5,4,3,4,4,5,3.5,3.5,"1","0","0",5,2,3
671,"1",20,3,3,5,3,4,5,3,6,4,3,4,3,5.5,3.5,3.5,"1","0","0",4,2,4
672,"1",21,2,2,4,6,4,3,2,1,5,5,2.5,2,2.5,5.5,4.5,"1","0","0",4,0,2
673,"1",21,1,6,5,4,5,1,4,5,3,7,1,5,5,3.5,6,"1","0","0",3,1,3
674,"1",20,5,6,4,4,5,6,5,3,3,5,5.5,5.5,3.5,3.5,5,"1","0","0",3,0,2
675,"1",20,3,3,5,2,5,3,4,5,1,3,3,3.5,5,1.5,4,"1","0","0",4,0,3
676,"1",20,4,5,5,6,3,5,6,4,5,4,4.5,5.5,4.5,5.5,3.5,"1","0","0",1,0,3
677,"1",20,3,2,3,3,5,4,4,5,3,6,3.5,3,4,3,5.5,"1","0","0",3,0,3
678,"1",21,1,4,4,4,4,4,4,6,3,3,2.5,4,5,3.5,3.5,"1","0","0",2,0,3
679,"1",19,6,4,4,6,3,6,6,6,4,6,6,5,5,5,4.5,"1","0","0",5,2,3
680,"1",18,4,5,4,3,3,4,4,6,3,3,4,4.5,5,3,3,"1","0","0",3,2,4
681,"1",20,5,4,2,5,5,4,5,5,4,3,4.5,4.5,3.5,4.5,4,"1","0","0",3,1,4
682,"1",21,5,4,5,5,4,4,4,4,5,3,4.5,4,4.5,5,3.5,"1","0","0",4,1,3
683,"1",21,4,4,4,3,4,6,4,5,3,2,5,4,4.5,3,3,"1","0","0",4,1,2
684,"1",20,4,6,4,4,4,4,5,2,3,3,4,5.5,3,3.5,3.5,"1","0","0",4,1,4
685,"1",21,2,7,4,6,3,4,5,4,5,4,3,6,4,5.5,3.5,"1","0","0",5,3,3
686,"1",21,4,3,4,2,5,5,4,3,3,6,4.5,3.5,3.5,2.5,5.5,"1","0","0",4,0,4
687,"1",20,4,6,5,2,4,4,3,5,3,6,4,4.5,5,2.5,5,"1","0","0",5,2,3
688,"1",21,4,3,5,3,4,2,5,3,4,2,3,4,4,3.5,3,"1","0","0",4,1,4
689,"1",22,6,4,5,5,4,4,2,4,6,5,5,3,4.5,5.5,4.5,"1","0","0",4,0,3
690,"1",21,4,4,6,5,6,3,3,3,2,6,3.5,3.5,4.5,3.5,6,"1","0","0",4,0,4
691,"1",19,3,7,6,4,4,3,7,5,5,6,3,7,5.5,4.5,5,"0","0","0",5,3,3
692,"1",19,4,2,5,2,4,5,2,4,2,5,4.5,2,4.5,2,4.5,"0","0","0",5,0,2
693,"1",21,3,6,3,2,5,4,6,3,3,4,3.5,6,3,2.5,4.5,"0","0","0",4,1,2
694,"1",19,3,4,3,4,4,4,3,3,2,5,3.5,3.5,3,3,4.5,"0","0","0",3,0,2
695,"1",20,1,6,4,4,6,3,3,5,4,5,2,4.5,4.5,4,5.5,"0","0","0",6,3,2
696,"1",21,2,2,1,4,6,5,2,3,3,6,3.5,2,2,3.5,6,"0","0","0",5,0,2
697,"1",21,3,1,4,5,3,4,1,5,4,5,3.5,1,4.5,4.5,4,"0","0","0",6,1,2
698,"1",21,4,3,5,3,5,3,4,4,5,5,3.5,3.5,4.5,4,5,"0","0","0",2,0,2
699,"1",18,4,4,4,4,2,5,6,4,4,3,4.5,5,4,4,2.5,"0","0","0",4,0,3
700,"1",19,3,5,4,2,5,3,3,5,2,5,3,4,4.5,2,5,"0","0","0",3,0,2
701,"1",18,5,6,4,2,3,6,5,2,4,4,5.5,5.5,3,3,3.5,"0","0","0",4,0,3
702,"1",19,2,2,4,3,4,3,3,3,2,2,2.5,2.5,3.5,2.5,3,"0","0","0",4,0,2
703,"1",19,2,4,5,4,4,5,1,7,4,7,3.5,2.5,6,4,5.5,"0","0","0",7,2,2
704,"1",20,5,5,5,4,4,4,3,5,4,1,4.5,4,5,4,2.5,"0","0","0",3,0,3
705,"1",20,3,2,4,4,5,4,2,6,3,4,3.5,2,5,3.5,4.5,"0","0","0",4,0,3
706,"1",19,5,3,4,4,4,3,4,5,5,4,4,3.5,4.5,4.5,4,"0","0","0",5,1,3
707,"1",18,6,3,3,3,3,6,3,5,3,2,6,3,4,3,2.5,"0","0","0",5,0,1
708,"1",21,3,4,4,2,4,5,2,4,4,4,4,3,4,3,4,"0","0","0",3,0,1
709,"1",18,3,5,4,4,4,4,4,6,4,6,3.5,4.5,5,4,5,"0","0","0",4,0,1
710,"1",19,4,5,4,4,4,4,3,6,5,4,4,4,5,4.5,4,"0","0","0",3,0,2
711,"1",21,5,5,5,4,3,4,3,5,3,5,4.5,4,5,3.5,4,"0","0","0",3,0,2
712,"1",18,3,3,5,4,4,4,3,6,3,4,3.5,3,5.5,3.5,4,"0","0","0",4,0,1
713,"1",19,4,4,5,3,3,4,4,7,3,4,4,4,6,3,3.5,"0","0","0",3,0,2
714,"1",20,5,5,4,4,3,5,5,5,4,5,5,5,4.5,4,4,"0","0","0",2,0,4
715,"1",21,2,1,5,4,4,4,3,4,4,4,3,2,4.5,4,4,"0","0","0",2,0,2
716,"1",21,3,5,5,3,3,3,4,3,2,4,3,4.5,4,2.5,3.5,"0","0","0",4,1,3
717,"1",18,4,3,3,1,2,4,2,6,4,3,4,2.5,4.5,2.5,2.5,"0","0","0",1,0,2
718,"1",22,5,2,3,5,4,4,3,3,5,4,4.5,2.5,3,5,4,"0","0","0",4,0,2
719,"1",20,3,6,7,4,4,3,5,7,4,5,3,5.5,7,4,4.5,"0","0","0",6,2,3
720,"1",21,5,5,5,3,4,5,3,5,4,2,5,4,5,3.5,3,"0","0","0",5,1,2
